,0
0,m318
1,m858
2,m50
3,m527
4,m1198
5,m904
6,m260
7,m750
8,m912
9,m2762
10,m1193
11,m923
12,m908
13,m1221
14,m593
15,m1252
16,m2028
17,m1136
18,m2324
19,m2858
20,m2571
21,m1197
22,m1196
23,m296
24,m1213
25,m541
26,m608
27,m1225
28,m969
29,m1278
30,m919
31,m1247
32,m1208
33,m2804
34,m110
35,m2692
36,m1617
37,m3114
38,m1219
39,m1304
40,m1358
41,m1242
42,m111
43,m1288
44,m1704
45,m1214
46,m3147
47,m1240
48,m1
49,m1230
50,m1089
51,m1291
52,m2396
53,m1200
54,m2997
55,m1294
56,m1036
57,m2918
58,m1222
59,m47
60,m3578
61,m1258
62,m457
63,m1259
64,m1090
65,m1387
66,m356
67,m1206
68,m2959
69,m150
70,m1307
71,m924
72,m589
73,m1961
74,m3421
75,m1610
76,m3671
77,m1210
78,m1394
79,m3471
80,m2194
81,m920
82,m1270
83,m1079
84,m2791
85,m1097
86,m1265
87,m1784
88,m223
89,m32
90,m1954
91,m1220
92,m2268
93,m2599
94,m3481
95,m590
96,m2716
97,m1923
98,m3160
99,m34
100,m2000
101,m595
102,m1374
103,m1968
104,m3751
105,m1641
106,m3408
107,m1073
108,m364
109,m2797
110,m2355
111,m2395
112,m3361
113,m3793
114,m1500
115,m588
116,m2302
117,m3175
118,m1673
119,m1584
120,m480
121,m2700
122,m1393
123,m3256
124,m3753
125,m357
126,m1580
127,m1732
128,m3448
129,m1094
130,m1396
131,m349
132,m733
133,m2529
134,m1653
135,m1517
136,m2706
137,m1356
138,m2321
139,m2406
140,m1127
141,m2916
142,m3418
143,m2987
144,m3255
145,m2115
146,m3702
147,m1376
148,m3527
149,m2763
150,m1527
151,m380
152,m21
153,m39
154,m592
155,m3253
156,m2291
157,m1608
158,m1721
159,m2174
160,m377
161,m1370
162,m2640
163,m3081
164,m780
165,m3176
166,m587
167,m316
168,m2985
169,m2455
170,m648
171,m2100
172,m2628
173,m1573
174,m2683
175,m2011
176,m2657
177,m367
178,m2012
179,m3623
180,m1917
181,m736
182,m1676
183,m1544
184,m2710
185,m2699
186,m1391
